NO,국문,영문,학명,관리현황,분류군,학명-수정
1,귀잎아카시아,Earpod wattle,Acacia auriculiformis</em> A.Cunn. ex Benth.,유입주의 생물,식물,Acacia auriculiformis
2,타이완아카시아,"Acacia petit, Formosan koa, Taiwan acacia",Acacia confusa</em> Merr.,유입주의 생물,식물,Acacia confusa
3,해변아카시아,,Acacia cyclops</em> A.Cunn. ex G.Don,유입주의 생물,식물,Acacia cyclops
4,가시바늘아카시아,"Sweet acacia, Huisache, Needle bush",Acacia farnesiana</em> (L.) Willd.,유입주의 생물,식물,Acacia farnesiana
5,호주아카시아,Black wattle,Acacia mearnsii</em> De Wild.,유입주의 생물,식물,Acacia mearnsii
6,노랑꽃호주아카시아,"Kangaroo acacia, Kangaroo thorn",Acacia paradoxa</em> DC.,유입주의 생물,식물,Acacia paradoxa
7,황금아카시아,,Acacia saligna</em> (Labill.) H.L.Wendl.,유입주의 생물,식물,Acacia saligna
8,별도꼬마리,,Acanthospermum australe</em> (Loefl.) Kuntze,유입주의 생물,식물,Acanthospermum australe
9,가시별도꼬마리,,Acanthospermum hispidum</em> DC.,유입주의 생물,식물,Acanthospermum hispidum
10,메밀잎소리쟁이,,Acetosa sagittata</em> (Thunb.) L.A.S.Johnson &amp; B.G.Briggs,유입주의 생물,식물,Acetosa sagittata
11,범무늬왕달팽이,Giant ghana african snail,Achatina achatina</em>,유입주의 생물,무척추동물,Achatina achatina
12,분홍입술왕달팽이,Pink-lipped agate snail,Achatina immaculata</em>,유입주의 생물,무척추동물,Achatina immaculata
13,러시아납지리,Russian Bitterling,Acheilognathus asmussii</em>,유입주의 생물,어류,Acheilognathus asmussii
14,붉은다비라납지리,Red tabira bitterling,Acheilognathus tabira erythropterus,유입주의 생물,어류,Acheilognathus tabira erythropterus
15,다비라납자루,Red tabira bitterling,Acheilognathus tabira</em>,유입주의 생물,어류,Acheilognathus tabira
16,숲찌르레기,Jungle myna,Acridotheres fuscus</em>,유입주의 생물,조류,Acridotheres fuscus
17,회색뿔찌르레기,,Acridotheres ginginianus</em>,유입주의 생물,조류,Acridotheres ginginianus
18,자바찌르레기,,Acridotheres javanicus</em>,유입주의 생물,조류,Acridotheres javanicus
19,검은목갈색찌르레기,Common myna,Acridotheres tristis</em>,유입주의 생물,조류,Acridotheres tristis
20,지중해염소풀,,Aegilops geniculata</em> Roth,유입주의 생물,식물,Aegilops geniculata
21,야생염소풀,"Tausch&apos;s goatgrass, Rough-spiked hardgrass",Aegilops tauschii</em> Coss.,유입주의 생물,식물,Aegilops tauschii
22,가시염소풀,,Aegilops triuncialis</em> L.,유입주의 생물,식물,Aegilops triuncialis
23,유럽독미나리,,Aethusa cynapium</em> L.,유입주의 생물,식물,Aethusa cynapium
24,강변등골나물,Mistflower,Ageratina riparia</em> (Regel) R.M. King &amp; H. Rob.,유입주의 생물,식물,Ageratina riparia
25,사막개밀,"Desert wheatgrass, Clustered wheat grass",Agropyron desertorum</em> Schult.,유입주의 생물,식물,Agropyron desertorum
26,블릭,Bleak,Alburnus alburnus</em>,유입주의 생물,어류,Alburnus alburnus
27,다뉴브블릭,Danube bleak,Alburnus chalcoides</em>,유입주의 생물,어류,Alburnus chalcoides
28,사막가시골담초,"Camelthorn, Camelthorn-bush",Alhagi maurorum</em> Medik.,유입주의 생물,식물,Alhagi maurorum
29,이집트기러기,,Alopochen aegyptiaca</em>,유입주의 생물,조류,Alopochen aegyptiaca
30,회색청어,Alewife,Alosa pseudoharengus</em>,유입주의 생물,어류,Alosa pseudoharengus
31,아메리카청어,American shad,Alosa sapidissima</em>,유입주의 생물,어류,Alosa sapidissima
32,가시땅비름,Khaki weed,Alternanthera pungens</em> Kunth,유입주의 생물,식물,Alternanthera pungens
33,열매비름,,Amaranthus polygonoides</em> L.,유입주의 생물,식물,Amaranthus polygonoides
34,북미검정동자개,Black bullhead,Ameiurus melas</em>,유입주의 생물,어류,Ameiurus melas
35,북미갈색동자개,Brown bullhead,Ameiurus nebulosus</em>,유입주의 생물,어류,Ameiurus nebulosus
36,거대어미바도마뱀,Giant ameiva,Ameiva ameiva</em>,"외래생물, 유입주의 생물",파충류,Ameiva ameiva
37,꼬마채진목,"Low juneberry, Thicket shadbush, Dwarf serviceberry, Low serviceberry",Amelanchier spicata</em> (Lam.) K.Koch,유입주의 생물,식물,Amelanchier spicata
38,남방가는나래새,,Amelichloa brachychaeta</em> (Godr.) Arriaga &amp; Barkworth,유입주의 생물,식물,Amelichloa brachychaeta
39,보핀,Bowfin,Amia calva</em>,유입주의 생물,어류,Amia calva
40,미다스키클리드,Midas cichlid,Amphilophus citrinellus</em>,유입주의 생물,어류,Amphilophus citrinellus
41,대평원두꺼비,,Anaxyrus cognatus</em>,유입주의 생물,양서류,Anaxyrus cognatus
42,붉은점박이두꺼비,,Anaxyrus punctatus</em>,유입주의 생물,양서류,Anaxyrus punctatus
43,참나무두꺼비,,Anaxyrus quercicus</em>,유입주의 생물,양서류,Anaxyrus quercicus
44,아프리카나도솔새,Gamba grass,Andropogon gayanus</em> Kunth,유입주의 생물,식물,Andropogon gayanus
45,청동아놀도마뱀,"Bronze anole, Grenada bush anole",Anolis aeneus</em>,유입주의 생물,파충류,Anolis aeneus
46,부에시토아놀도마뱀,"Bueycito anole, Spanish flag anole",Anolis allogus</em>,유입주의 생물,파충류,Anolis allogus
47,쿠바푸른눈아놀도마뱀,Blue-eyed grass-bush anole,Anolis alutaceus</em>,유입주의 생물,파충류,Anolis alutaceus
48,히스파니올라녹색아놀도마뱀,Hispaniolan green anole,Anolis chlorocyanus</em>,유입주의 생물,파충류,Anolis chlorocyanus
49,큰머리아놀도마뱀,Large-headed anole,Anolis cybotes</em>,유입주의 생물,파충류,Anolis cybotes
50,자메이카거대아놀도마뱀,Jamaican giant anole,Anolis garmani</em>,유입주의 생물,파충류,Anolis garmani
51,아바나아놀도마뱀,"Cuban white-fanned anole, Habana anole",Anolis homolechis</em>,유입주의 생물,파충류,Anolis homolechis
52,퀴라소줄무늬아놀도마뱀,"Curacao striped anole, Striped anole",Anolis lineatus</em>,유입주의 생물,파충류,Anolis lineatus
53,그레나다나무아놀도마뱀,Grenada Tree Anole,Anolis richardii</em>,유입주의 생물,파충류,Anolis richardii
54,갈색도마뱀,,Anolis sagrei</em>,유입주의 생물,파충류,Anolis sagrei
55,와츠아놀도마뱀,Watts&apos; Anole,Anolis wattsi</em>,유입주의 생물,파충류,Anolis wattsi
56,백포도덩굴,,Anredera cordifolia</em> (Ten.) Steenis,유입주의 생물,식물,Anredera cordifolia
57,겨이삭아재비,,Apera spica-venti</em> (L.) P.Beauv.,유입주의 생물,식물,Apera spica-venti
58,붉은눈검은찌르레기,,Aplonis panayensis</em>,유입주의 생물,조류,Aplonis panayensis
59,남아프리카민들레,Capeweed,Arctotheca calendula</em> (L.) Levyns,유입주의 생물,식물,Arctotheca calendula
60,민거치자금우,"Shoebutton ardisia, Coralberry, Duck&apos;s eye",Ardisia elliptica</em> Thunb.,유입주의 생물,식물,Ardisia elliptica
61,스페인민달팽이,Spanish slug,Arion vulgaris</em>,유입주의 생물,무척추동물,Arion vulgaris
62,남아공비짜루,,Asparagus aethiopicus</em> L.,유입주의 생물,식물,Asparagus aethiopicus
63,아프리카밀나물,African asparagus fern,Asparagus asparagoides </em> (L.) Druce,유입주의 생물,식물,Asparagus asparagoides 
64,남아프리카덩굴비짜루,"Climbing asparagus fern, Krulkransie",Asparagus scandens</em> Thunb.,유입주의 생물,식물,Asparagus scandens
65,아스피우스황어,Asp,Aspius aspius</em>,유입주의 생물,어류,Aspius aspius
66,네발가락고슴도치,African pigmy hedgehog,Atelerix albiventris</em>,유입주의 생물,포유류,Atelerix albiventris
67,엘리게이터가,Alligator gar,Atractosteus spatula</em>,유입주의 생물,어류,Atractosteus spatula
68,시드니깔대기거미,Sydney funnel-web spider,Atrax robustus</em>,유입주의 생물,무척추동물,Atrax robustus
69,호주갯는쟁이,,Atriplex semibaccata</em> R.Br.,유입주의 생물,식물,Atriplex semibaccata
70,카멜레온틸라피아,,Australoheros facetus</em>,유입주의 생물,어류,Australoheros facetus
71,가는잎귀리,,Avena barbata</em> Pott ex Link,유입주의 생물,식물,Avena barbata
72,루이지애나잔디,,Axonopus compressus</em> (Sw.) P.Beauv.,유입주의 생물,식물,Axonopus compressus
73,융단풀,,Axonopus fissifolius</em> (Raddi) Kuhlm.,유입주의 생물,식물,Axonopus fissifolius
74,레이서망둑,,Babka gymnotrachelus</em>,유입주의 생물,어류,Babka gymnotrachelus
75,큰검은집거미,Large black house spider,Badumna insignis</em>,유입주의 생물,무척추동물,Badumna insignis
76,가시대나무,,Bambusa bambos</em> (L.) Voss,유입주의 생물,식물,Bambusa bambos
77,남방대나무,,Bambusa vulgaris</em> Schrad. ex J.C.Wendl.,유입주의 생물,식물,Bambusa vulgaris
78,큰반디코트쥐,,Bandicota indica</em>,유입주의 생물,포유류,Bandicota indica
79,수염잉어,Barbel,Barbus barbus</em>,유입주의 생물,어류,Barbus barbus
80,이탈리아누치,,Barbus plebejus</em>,유입주의 생물,어류,Barbus plebejus
81,다섯가시댑싸리,Fivehook bassia,Bassia hyssopifolia</em> (Pall.) Kuntze,유입주의 생물,식물,Bassia hyssopifolia
82,흰꽃장대냉이,Hoary alyssum,Berteroa incana</em> (L.) DC.,유입주의 생물,식물,Berteroa incana
83,비와매치,Zezera,Biwia zezera</em>,유입주의 생물,어류,Biwia zezera
84,녹색고양이눈뱀,Green cat snake,Boiga cyanea</em>,유입주의 생물,파충류,Boiga cyanea
85,개이빨고양이눈뱀,Dog-tooth cat snake,Boiga cynodon</em>,유입주의 생물,파충류,Boiga cynodon
86,호주갈색나무뱀,Brown tree snake,Boiga irregularis</em>,유입주의 생물,파충류,Boiga irregularis
87,검은머리고양이눈뱀,Black-headed cat snake,Boiga nigriceps</em>,유입주의 생물,파충류,Boiga nigriceps
88,유럽무당개구리,,Bombina bombina</em>,유입주의 생물,양서류,Bombina bombina
89,노란배무당개구리,,Bombina variegata</em>,유입주의 생물,양서류,Bombina variegata
90,아프리카기장,Para grass,Brachiaria mutica</em>,유입주의 생물,식물,Brachiaria mutica
91,들참새귀리,,Bromus arvensis</em> L.,유입주의 생물,식물,Bromus arvensis
92,방울뱀참새귀리,,Bromus briziformis</em> Fisch. &amp; C.A.Mey.,유입주의 생물,식물,Bromus briziformis
93,여우꼬리귀리,"Foxtail chess, Red brome, Foxtail brome",Bromus rubens</em> L.,유입주의 생물,식물,Bromus rubens
94,마다가스카르브들레아,Smokebush,Buddleja madagascariensis</em> Lam.,유입주의 생물,식물,Buddleja madagascariensis
95,동일본두꺼비,Japanese common toad,Bufo japonicus formosus</em>,유입주의 생물,양서류,Bufo japonicus formosus
96,서일본두꺼비,Japanese common toad,Bufo japonicus japonicus</em>,유입주의 생물,양서류,Bufo japonicus japonicus
97,텍사스두꺼비,Texas toad,Bufo speciosus</em>,유입주의 생물,양서류,Bufo speciosus
98,낙엽두꺼비,"Leaf litter toad, South american common toad",Bufo typhonius</em>,유입주의 생물,양서류,Bufo typhonius
99,혹갓,"Hill mustard, Warty Cabbage, Turkish Rocket",Bunias orientalis</em> L.,유입주의 생물,식물,Bunias orientalis
100,유럽갯냉이,,Cakile maritima</em> Scop.,유입주의 생물,식물,Cakile maritima
101,붉은배청서,Pallas’s squirrel,Callosciurus erythraeus</em>,유입주의 생물,포유류,Callosciurus erythraeus
102,태국다람쥐,Finlayson&apos;s squirrel,Callosciurus finlaysonii</em>,유입주의 생물,포유류,Callosciurus finlaysonii
103,인도차이나숲도마뱀,Indo-Chinese Forest Lizard,Calotes mystaceus</em>,유입주의 생물,파충류,Calotes mystaceus
104,동양정원도마뱀,Oriental Garden Lizard,Calotes versicolor</em>,유입주의 생물,파충류,Calotes versicolor
105,딩고,Dingo,Canis lupus dingo</em>,유입주의 생물,포유류,Canis lupus dingo
106,기벨리오붕어,Prussian Carp,Carassius gibelio</em>,유입주의 생물,어류,Carassius gibelio
107,중동큰다닥냉이,,Cardaria chalepensis</em> Hand.-Mazz.,유입주의 생물,식물,Cardaria chalepensis
108,붉은홍관조,Northern cardinal,Cardinalis cardinalis</em>,유입주의 생물,조류,Cardinalis cardinalis
109,남미큰풍선덩굴,,Cardiospermum grandiflorum</em> Sw.,유입주의 생물,식물,Cardiospermum grandiflorum
110,큰지느러미엉겅퀴,"Spiny plumeless thistle, Welted thistle, Plumeless thistle",Carduus acanthoides</em>,유입주의 생물,식물,Carduus acanthoides
111,가는꽃지느러미엉겅퀴,"Slender-flower thistle, Sheep thistle, Shore thistle, Slender thistle, Winged plumeless thistle, Winged slender thistle, Winged thistle",Carduus tenuiflorus</em>,유입주의 생물,식물,Carduus tenuiflorus
112,남아프리카송엽국,Sea fig,Carpobrotus chilensis</em> N.E.Br.,유입주의 생물,식물,Carpobrotus chilensis
113,집양진이,House Finch,Carpodacus mexicanus</em>,유입주의 생물,조류,Carpodacus mexicanus
114,유럽비버,European beaver,Castor fiber</em>,유입주의 생물,포유류,Castor fiber
115,긴코서커,Longnose Sucker,Catostomus catostomus</em>,유입주의 생물,어류,Catostomus catostomus
116,화이트서커,White sucker,Catostomus commersonii</em>,유입주의 생물,어류,Catostomus commersonii
117,여우꼬리가시풀,"Buffel grass, American foxtail grass",Cenchrus ciliaris</em>,유입주의 생물,식물,Cenchrus ciliaris
118,기는가시풀,,Cenchrus clandestinus</em> (Hochst. ex Chiov.) Morrone,유입주의 생물,식물,Cenchrus clandestinus
119,미국가시풀,"Southern sandbur, Bur grass, Burgrass, Burr grass, Common sandbur, Golden grass, Hedgehog grass, Mossman river grass, Sand bur, Sand burr",Cenchrus echinatus</em>,유입주의 생물,식물,Cenchrus echinatus
120,붉은꼬리가시풀,,Cenchrus pedicellatus</em> (Trin.) Morrone,유입주의 생물,식물,Cenchrus pedicellatus
121,긴꼬리가시풀,,Cenchrus polystachios</em> (L.) Morrone,유입주의 생물,식물,Cenchrus polystachios
122,자주수크령,"Crimson fountaingrass, Fountain grass",Cenchrus setaceus</em>,유입주의 생물,식물,Cenchrus setaceus
123,미국해변가시풀,Common sandbur,Cenchrus spinifex</em>,유입주의 생물,식물,Cenchrus spinifex
124,유럽수레국화,,Centaurea benedicta</em> (L.) L.,유입주의 생물,식물,Centaurea benedicta
125,마름쇠수레국화,"Purple star thistle, Red star thistle",Centaurea calcitrapa</em>,유입주의 생물,식물,Centaurea calcitrapa
126,퍼진수레국화,Diffuse knapweed,Centaurea diffusa</em> Lam.,유입주의 생물,식물,Centaurea diffusa
127,스페인수레국화,,Centaurea eriophora</em> L.,유입주의 생물,식물,Centaurea eriophora
128,이베리아수레국화,,Centaurea iberica</em> Trevir. ex Spreng.,유입주의 생물,식물,Centaurea iberica
129,지중해엉겅퀴,Maltese star-thistle,Centaurea melitensis</em> L.,유입주의 생물,식물,Centaurea melitensis
130,까만포수레국화,,Centaurea nigra</em> L.,유입주의 생물,식물,Centaurea nigra
131,분홍수레국화,Spotted knapweed,Centaurea stoebe</em> subsp. micranthos</em>,유입주의 생물,식물,Centaurea stoebe
132,까실수레국화,Squarrose knapweed,Centaurea virgata</em> subsp. squarrosa</em>,유입주의 생물,식물,Centaurea virgata
133,처진점나도나물,,Cerastium nutans</em> Raf.,유입주의 생물,식물,Cerastium nutans
134,로키산엘크,,Cervus canadensis nelsoni</em>,유입주의 생물,포유류,Cervus canadensis nelsoni
135,알타이엘크,,Cervus canadensis sibiricus</em>,유입주의 생물,포유류,Cervus canadensis sibiricus
136,스코틀랜드말사슴,,Cervus elaphus scoticus</em>,유입주의 생물,포유류,Cervus elaphus scoticus
137,카나리아골담초,,Chamaecytisus prolifera</em> var. prolifera</em> (L.f.) Link,유입주의 생물,식물,Chamaecytisus prolifera
138,점줄가물치,Forest snakehead,Channa lucius</em>,"외래생물, 유입주의 생물",어류,Channa lucius
139,큰가물치,Forest snakehead,Channa marulius</em>,"외래생물, 유입주의 생물",어류,Channa marulius
140,파나우가물치,Panaw snakehead,Channa panaw</em>,유입주의 생물,어류,Channa panaw
141,줄가물치,Striped snakehead,Channa striata</em>,유입주의 생물,어류,Channa striata
142,그리벳원숭이,Grivet,Chlorocebus aethiops</em>,유입주의 생물,포유류,Chlorocebus aethiops
143,야윈뽀리뱅이,,Chondrilla juncea</em> L.,유입주의 생물,식물,Chondrilla juncea
144,유럽황어,Common nase,Chondrostoma nasus</em>,유입주의 생물,어류,Chondrostoma nasus
145,양지등골나물,"Bitter bush, Siam Weed, Christmas bush, Devil weed, Camfhur grass, Common floss flower",Chromolaena odorata</em>,유입주의 생물,식물,Chromolaena odorata
146,국화아재비나무,Boneseed,Chrysanthemoides monilifera</em> (L.) Norl.,유입주의 생물,식물,Chrysanthemoides monilifera
147,퀴닌나무,,Cinchona pubescens</em> Vahl,유입주의 생물,식물,Cinchona pubescens
148,무리갈잉어,Mrigal,Cirrhinus mrigala</em>,유입주의 생물,어류,Cirrhinus mrigala
149,유럽늪엉겅퀴,,Cirsium palustre</em> Scop.,유입주의 생물,식물,Cirsium palustre
150,걷는클라리아스메기,clarias catfish,Clarias batrachus</em>,"외래생물, 유입주의 생물",어류,Clarias batrachus
151,흰점클라리아스메기,,Clarias fuscus</em>,유입주의 생물,어류,Clarias fuscus
152,북아프리카동자개,North african catfish,Clarias gariepinus</em>,유입주의 생물,어류,Clarias gariepinus
153,아프리카열대메기,African sharptooth catfish,Clarias lazera</em>,유입주의 생물,어류,Clarias lazera
154,납작머리열대메기,Broadhead catfish,Clarias macrocephalus</em>,유입주의 생물,어류,Clarias macrocephalus
155,아메리카비누나무,,Clidemia hirta</em> (L.) D.Don,유입주의 생물,식물,Clidemia hirta
156,유럽탑꽃,,Clinopodium acinos</em> Kuntze,유입주의 생물,식물,Clinopodium acinos
157,유럽담수티울카,Freshwater tyulka,Clupeonella tscharchalensis</em>,유입주의 생물,어류,Clupeonella tscharchalensis
158,이탈리아기름종개,Italian spined loach,Cobitis bilineata</em>,유입주의 생물,어류,Cobitis bilineata
159,비와종개,Japanese Striped Loach,Cobitis biwae</em>,유입주의 생물,어류,Cobitis biwae
160,붉은배틸라피아,,Coptodon zillii</em>,유입주의 생물,어류,Coptodon zillii
161,벤데이스흰연어,Vendace,Coregonus albula</em>,유입주의 생물,어류,Coregonus albula
162,유럽흰연어,European whitefish,Coregonus lavaretus</em>,유입주의 생물,어류,Coregonus lavaretus
163,마라이나흰연어,Maraena whitefish,Coregonus maraena</em>,유입주의 생물,어류,Coregonus maraena
164,묵순우레기,,Coregonus muksun</em>,유입주의 생물,어류,Coregonus muksun
165,페일리드흰연어,Peled,Coregonus peled</em>,유입주의 생물,어류,Coregonus peled
166,안데스대왕갈대,"Purple pampas grass, Jubata grass",Cortaderia jubata</em> (Lemoine ex Carrière) Stapf,유입주의 생물,식물,Cortaderia jubata
167,뉴질랜드대왕갈대,"Coastal toetoe, Pampas grass",Cortaderia splendens</em>,유입주의 생물,식물,Cortaderia splendens
168,흰가슴까마귀,,Corvus albus</em>,유입주의 생물,조류,Corvus albus
169,집까마귀,House crow,Corvus splendens</em>,유입주의 생물,조류,Corvus splendens
170,프랑셰개야광나무,,Cotoneaster franchetii</em> Bois,유입주의 생물,식물,Cotoneaster franchetii
171,은잎개야광나무,,Cotoneaster pannosus</em> Franch.,유입주의 생물,식물,Cotoneaster pannosus
172,날씬서양옆새우,Northern river crangonyctid,Crangonyx pseudogracilis</em>,유입주의 생물,무척추동물,Crangonyx pseudogracilis
173,유럽나도민들레,,Crepis capillaris</em> (L.) Wallr.,유입주의 생물,식물,Crepis capillaris
174,남미활나물,,Crotalaria incana</em> L.,유입주의 생물,식물,Crotalaria incana
175,산비장이아재비,Common crupina,Crupina vulgaris</em> Pers. ex Cass.,유입주의 생물,식물,Crupina vulgaris
176,미국장수도롱뇽,,Cryptobranchus alleganiensis</em>,유입주의 생물,양서류,Cryptobranchus alleganiensis
177,호주란셀섬도마뱀,Lancelin island skink,Ctenotus lancelini</em>,유입주의 생물,파충류,Ctenotus lancelini
178,북미계곡가시고기,,Culaea inconstans</em>,유입주의 생물,어류,Culaea inconstans
179,열대자주꽃망초,,Cyanthillium cinereum</em> (L.) H.Rob.,유입주의 생물,식물,Cyanthillium cinereum
180,거울잉어,Mirror carp,Cyprinus carpio</em> var. specularis</em>,유입주의 생물,어류,Cyprinus carpio
181,포르투갈골담초,,Cytisus multiflorus</em> Sweet,유입주의 생물,식물,Cytisus multiflorus
182,흰털열매골담초,"Striated broom, Portuguese broom",Cytisus striatus</em> (Hill) Rothm.,유입주의 생물,식물,Cytisus striatus
183,아르메니아도마뱀,Armenian Lizard,Darevskia armeniaca</em>,유입주의 생물,파충류,Darevskia armeniaca
184,붉은방둥이아구티,Red-rumped agouti,Dasyprocta leporina</em>,유입주의 생물,포유류,Dasyprocta leporina
185,아홉띠아르마딜로,Nine-banded armadillo,Dasypus novemcinctus</em>,유입주의 생물,포유류,Dasypus novemcinctus
186,아프리카덩굴솜방망이,Cape ivy,Delairea odorata</em> Lem.,유입주의 생물,식물,Delairea odorata
187,초원뾰족민달팽이,"Field slug, Grey field slug, Milky slug, Northern field slug",Deroceras agreste</em>,유입주의 생물,무척추동물,Deroceras agreste
188,긴목뾰족민달팽이,"Long neck field slug, Brown field slug",Deroceras caruanae</em>,유입주의 생물,무척추동물,Deroceras caruanae
189,갈색뾰족민달팽이,Tramp slug,Deroceras invadens</em>,유입주의 생물,무척추동물,Deroceras invadens
190,정원뾰족민달팽이,,Deroceras subagrestis</em>,유입주의 생물,무척추동물,Deroceras subagrestis
191,흡혈박쥐,Common vampire bat,Desmodus rotundus</em>,유입주의 생물,포유류,Desmodus rotundus
192,데몬두뿔옆새우,Demon shrimp,Dikerogammarus haemobaphes</em>,유입주의 생물,무척추동물,Dikerogammarus haemobaphes
193,인도마,"Chinese yam, Cinnamon vine",Dioscorea oppositifolia</em> L.,유입주의 생물,식물,Dioscorea oppositifolia
194,남아공완두,,Dipogon lignosus</em> (L.) Verdc.,유입주의 생물,식물,Dipogon lignosus
195,구린내금불초,Stinkwort,Dittrichia graveolens</em> (L.) Greuter,유입주의 생물,식물,Dittrichia graveolens
196,지중해금불초,,Dittrichia viscosa</em> (L.) Greuter,유입주의 생물,식물,Dittrichia viscosa
197,고양이발톱덩굴,Funnel creeper,Dolichandra unguis-cati</em> (L.) L.G.Lohmann,유입주의 생물,식물,Dolichandra unguis-cati
198,아시아검은안경두꺼비,,Duttaphrynus melanostictus</em>,유입주의 생물,양서류,Duttaphrynus melanostictus
199,돼지거미,Woodlouse spider,Dysdera crocata</em>,유입주의 생물,무척추동물,Dysdera crocata
200,야생오이,Wild cucumber,Echinocystis lobata</em> Torr. &amp; A. Gray,유입주의 생물,식물,Echinocystis lobata
201,유럽푸른지치,"Viper&apos;s bugloss, Blueweed",Echium vulgare</em> L.,유입주의 생물,식물,Echium vulgare
202,자주초원기장풀,,Ehrharta calycina</em> Sm.,유입주의 생물,식물,Ehrharta calycina
203,초원기장풀,"Panic veld grass, panic veldtgrass",Ehrharta erecta</em> Lam.,유입주의 생물,식물,Ehrharta erecta
204,긴꽃초원기장풀,Long-flowered Veldtgrass,Ehrharta longiflora</em> Eckl. ex Schult.f.,유입주의 생물,식물,Ehrharta longiflora
205,닻부레옥잠,"Anchored water hyacinth, rooted water hyacinth",Eichhornia azurea</em> (Sw.) Kunth,유입주의 생물,식물,Eichhornia azurea
206,사불상,Pere David&apos;s deer,Elaphurus davidianus</em>,"외래생물, 유입주의 생물",포유류,Elaphurus davidianus
207,코키개구리,,Eleutherodactylus coqui</em>,유입주의 생물,양서류,Eleutherodactylus coqui
208,소앤틸리스휘슬개구리,,Eleutherodactylus johnstonei</em>,유입주의 생물,양서류,Eleutherodactylus johnstonei
209,온실개구리,,Eleutherodactylus planirostris</em>,유입주의 생물,양서류,Eleutherodactylus planirostris
210,뜰겨울잠쥐,Garden dormouse,Eliomys quercinus</em>,유입주의 생물,포유류,Eliomys quercinus
211,캐나다말,Western waterweed,Elodea nuttallii</em> (Planch.) H. St. John,유입주의 생물,식물,Elodea nuttallii
212,노란뺨긴황어,Yellow cheek,Elopichthys bambusa</em>,"외래생물, 유입주의 생물",어류,Elopichthys bambusa
213,가시개소리쟁이,Devil’s thorn,Emex spinosa</em> (L.) Campd.,유입주의 생물,식물,Emex spinosa
214,줄무늬블루길,,Enneacanthus obesus</em>,유입주의 생물,어류,Enneacanthus obesus
215,콜롬비아무지개보아,Colombian rainbow boa,Epicrates maurus</em>,유입주의 생물,파충류,Epicrates maurus
216,서유럽황갈색두꺼비,Natterjack toad,Epidalea calamita</em>,유입주의 생물,양서류,Epidalea calamita
217,프랑켓견장과일박쥐,Franquet’s epauletted fruit bat,Epomops franqueti</em>,유입주의 생물,포유류,Epomops franqueti
218,갈래잎붉은서나물,Tropical burnweed,Erechtites valerianifolius</em> (Link ex Spreng.) DC.,유입주의 생물,식물,Erechtites valerianifolius
219,유럽가솔송,"Spanish heath, Portuguese heath",Erica lusitanica</em> Rudolphi,유입주의 생물,식물,Erica lusitanica
220,갈색가슴고슴도치,,Erinaceus europaeus</em> ssp. occidentalis</em>,유입주의 생물,포유류,Erinaceus europaeus
221,북방민물꼬치고기,Northern pike,Esox lucius</em>,유입주의 생물,어류,Esox lucius
222,검정민물꼬치고기,Chain pickerel,Esox niger</em>,유입주의 생물,어류,Esox niger
223,긴꼬리단풍조,,Estrilda astrild</em>,유입주의 생물,조류,Estrilda astrild
224,붉은늑대달팽이,"Cannibal snail, Rosige wolfsschnecke, Rosy wolf snail",Euglandina rosea</em>,유입주의 생물,무척추동물,Euglandina rosea
225,꼬마포인세티아,Dwarf poinsettia,Euphorbia cyathophora</em> Murray,유입주의 생물,식물,Euphorbia cyathophora
226,발칸털대극,"Eggleaf spurge, Balkan spurge",Euphorbia oblongata</em>,유입주의 생물,식물,Euphorbia oblongata
227,테라치나대극,,Euphorbia terracina</em> L.,유입주의 생물,식물,Euphorbia terracina
228,동인도갈색도마뱀,East Indian Brown Mabuya,Eutropis multifasciata</em>,유입주의 생물,파충류,Eutropis multifasciata
229,중국닭의덩굴,,Fallopia baldschuanica</em> (Regel) Holub,유입주의 생물,식물,Fallopia baldschuanica
230,히로시마늪개구리,Japanese Rice frog,Fejervarya kawamurai</em>,유입주의 생물,양서류,Fejervarya kawamurai
231,보이에사마귀개구리,"Alpine cricket frog, Boie&apos;s wart frog",Fejervarya limnocharis</em>,유입주의 생물,양서류,Fejervarya limnocharis
232,사키시마늪개구리,Sakishima rice frog,Fejervarya sakishimensis</em>,유입주의 생물,양서류,Fejervarya sakishimensis
233,아메리카해변미역취,Coastal plain yellowtops,Flaveria bidentis</em> (L.) Kuntze,유입주의 생물,식물,Flaveria bidentis
234,북미점박이송사리,,Fundulus catenatus</em>,유입주의 생물,어류,Fundulus catenatus
235,유럽털향유,Common hemp-nettle,Galeopsis tetrahit</em>,유입주의 생물,식물,Galeopsis tetrahit
236,모기송사리,Mosquito fish,Gambusia affinis</em>,유입주의 생물,어류,Gambusia affinis
237,동부모스퀴토피쉬,Eastern mosquitofish,Gambusia holbrooki</em>,유입주의 생물,어류,Gambusia holbrooki
238,가면웃음지빠귀,,Garrulax perspicillatus</em>,유입주의 생물,조류,Garrulax perspicillatus
239,흰눈썹웃음지빠귀,,Garrulax sannio</em>,유입주의 생물,조류,Garrulax sannio
240,작은머리큰가시고기,Smallhead stickleback,Gasterosteus microcephalus</em>,유입주의 생물,어류,Gasterosteus microcephalus
241,북미동부맹꽁이,,Gastrophryne carolinensis</em>,유입주의 생물,양서류,Gastrophryne carolinensis
242,지중해골담초,"Mediterranean broom, Flax-leaf broom",Genista linifolia</em> L.,유입주의 생물,식물,Genista linifolia
243,프랑스골담초,"Frech broom, Montpellier broom",Genista monspessulana</em> (L.) L.A.S.Johnson,유입주의 생물,식물,Genista monspessulana
244,평화비둘기,Peaceful dove,Geopelia placida</em>,유입주의 생물,조류,Geopelia placida
245,큰겨울잠쥐,Edible dormouse,Glis glis </em>,유입주의 생물,포유류,Glis glis 
246,비와호줄몰개,"Biwa moroko gudgeon, Honmoroko, Biwa gudgeon",Gnathopogon caerulescens</em>,유입주의 생물,어류,Gnathopogon caerulescens
247,일본긴줄몰개,Field Gudgeon,Gnathopogon elongatus elongatus</em>,유입주의 생물,어류,Gnathopogon elongatus elongatus
248,북미지도거북,Common map turtle,Graptemys geographica</em>,유입주의 생물,파충류,Graptemys geographica
249,가짜지도거북,False map turtle,Graptemys pseudogeographica</em>,유입주의 생물,파충류,Graptemys pseudogeographica
250,러프민물농어,,Gymnocephalus cernua</em>,유입주의 생물,어류,Gymnocephalus cernua
251,호주까치,,Gymnorhina tibicen</em>,유입주의 생물,조류,Gymnorhina tibicen
252,호주갈색깔때기거미,"Northern tree funnel-web spider, Northern rivers funnel-web spider",Hadronyche formidabilis</em>,유입주의 생물,무척추동물,Hadronyche formidabilis
253,호주검은깔때기거미,Blue mountains funnel–web spider,Hadronyche versuta</em>,유입주의 생물,무척추동물,Hadronyche versuta
254,버들잎하케아,,Hakea salicifolia</em> (Vent.) B.L.Burtt,유입주의 생물,식물,Hakea salicifolia
255,아랄해수송나물,,Halogeton glomeratus</em> (M.Bieb.) Ledeb.,유입주의 생물,식물,Halogeton glomeratus
256,텍사스해바라기,,Helianthus ciliaris</em> DC.,유입주의 생물,식물,Helianthus ciliaris
257,아르헨티나해꽃,,Heliotropium amplexicaule</em> Vahl,유입주의 생물,식물,Heliotropium amplexicaule
258,유럽향기풀,"European heliotrope, European turn-sole",Heliotropium europaeum</em> L.,유입주의 생물,식물,Heliotropium europaeum
259,방사무늬사막달팽이,Desert snail,Helix joppensis</em>,유입주의 생물,무척추동물,Helix joppensis
260,에스카르고흰줄달팽이,Turkish snail,Helix lucorum</em>,유입주의 생물,무척추동물,Helix lucorum
261,에스카르고큰달팽이,"Roman snail, Burgundy snail",Helix pomatia</em>,유입주의 생물,무척추동물,Helix pomatia
262,열대집도마뱀부치,,Hemidactylus mabouia</em>,유입주의 생물,파충류,Hemidactylus mabouia
263,터키도마뱀부치,,Hemidactylus turcicus</em>,유입주의 생물,파충류,Hemidactylus turcicus
264,긴귀고슴도치,,Hemiechinus auritus</em>,유입주의 생물,포유류,Hemiechinus auritus
265,카스피해붉은띠곤쟁이,Bloody-red mysid,Hemimysis anomala</em>,유입주의 생물,무척추동물,Hemimysis anomala
266,히말라야산양,,Hemitragus jemlahicus</em>,유입주의 생물,포유류,Hemitragus jemlahicus
267,페르시아어수리,"Persian hogweed, Hogweed, Goplar",Heracleum persicum</em>,유입주의 생물,식물,Heracleum persicum
268,서양어수리,Sosnowski&apos;s hogweed,Heracleum sosnowskyi</em> Manden,유입주의 생물,식물,Heracleum sosnowskyi
269,작은몽구스,Small indian mongoose,Herpestes auropunctatus</em>,유입주의 생물,포유류,Herpestes auropunctatus
270,아시아작은몽구스,Small asian mongoose,Herpestes javanicus</em>,유입주의 생물,포유류,Herpestes javanicus
271,검은창끝겨이삭,Black speargrass,Heteropogon contortus</em> (L.) P.Beauv.,유입주의 생물,식물,Heteropogon contortus
272,육눈이모래거미,Six-eyed sand spider,Hexophthalma hahni</em>,유입주의 생물,무척추동물,Hexophthalma hahni
273,북극조밥나물,,Hieracium atratum</em> Fr.,유입주의 생물,식물,Hieracium atratum
274,유럽여왕조밥나물,,Hieracium glomeratum</em> Froel.,유입주의 생물,식물,Hieracium glomeratum
275,미끈이조밥나물,,Hieracium laevigatum</em> Willd.,유입주의 생물,식물,Hieracium laevigatum
276,동아시아황소개구리,Chinese Edible Frog,Hoplobatrachus rugulosus</em>,유입주의 생물,양서류,Hoplobatrachus rugulosus
277,인도황소개구리,Indian bullfrog,Hoplobatrachus tigerinus</em>,유입주의 생물,양서류,Hoplobatrachus tigerinus
278,야생보리,Bulbous barley,Hordeum bulbosum</em> L.,유입주의 생물,식물,Hordeum bulbosum
279,유럽자라풀,"European frog-bit, frog-bit",Hydrocharis morsus-ranae</em> L.,유입주의 생물,식물,Hydrocharis morsus-ranae
280,서양물피막이,Floating marsh pennywort,Hydrocotyle ranunculoides</em> L.f.,유입주의 생물,식물,Hydrocotyle ranunculoides
281,태평양청개구리,,Hyla regilla</em>,유입주의 생물,양서류,Hyla regilla
282,아시아녹색개구리,,Hylarana erythraea</em>,유입주의 생물,양서류,Hylarana erythraea
283,서인도물기장,,Hymenachne amplexicaulis</em> (Rudge) Nees,유입주의 생물,식물,Hymenachne amplexicaulis
284,망치머리박쥐,Hammer-headed bat,Hypsignathus monstrosus</em>,유입주의 생물,포유류,Hypsignathus monstrosus
285,남미구슬박하,Lesser roundweed,Hyptis brevipes</em> Poit.,유입주의 생물,식물,Hyptis brevipes
286,성긴남미구슬박하,Pignut,Hyptis suaveolens</em> (L.) Poit.,유입주의 생물,식물,Hyptis suaveolens
287,검은턱웃음지빠귀,,Ianthocincla cineracea</em>,유입주의 생물,조류,Ianthocincla cineracea
288,호르바트도마뱀,,Iberolacerta horvathi</em>,유입주의 생물,파충류,Iberolacerta horvathi
289,푸른채널동자개,Blue catfish,Ictalurus furcatus</em>,유입주의 생물,어류,Ictalurus furcatus
290,검정입북미잉어,Smallmouth buffalo,Ictiobus bubalus</em>,유입주의 생물,어류,Ictiobus bubalus
291,큰입북미잉어,Bigmouth buffalo,Ictiobus cyprinellus</em>,유입주의 생물,어류,Ictiobus cyprinellus
292,검은북미잉어,Black buffalo,Ictiobus niger</em>,유입주의 생물,어류,Ictiobus niger
293,과테말라땅비싸리,,Indigofera suffruticosa</em> Mill.,유입주의 생물,식물,Indigofera suffruticosa
294,밤메꽃,Moon Flower,Ipomoea alba</em> L.,유입주의 생물,식물,Ipomoea alba
295,푸른꽃나팔꽃,,"Ipomoea indica</em> (Burm.) Merr.,",유입주의 생물,식물,Ipomoea indica
296,미국들고구마,,Ipomoea pandurata</em> G.Mey.,유입주의 생물,식물,Ipomoea pandurata
297,비와강준치,Wataka,Ischikauia steenackeri</em>,유입주의 생물,어류,Ischikauia steenackeri
298,미국독돼지풀,Povertyweed,Iva axillaris</em> Pursh,유입주의 생물,식물,Iva axillaris
299,멕시코산호유동,Physic nut,Jatropha curcas</em> L.,유입주의 생물,식물,Jatropha curcas
300,롱테일드워프망둑,Longtail dwarf goby,Knipowitschia longecaudata</em>,유입주의 생물,어류,Knipowitschia longecaudata
301,큰입술잉어,Roho labeo,Labeo rohita</em>,유입주의 생물,어류,Labeo rohita
302,캐나다왕고들빼기,,Lactuca canadensis</em> L.,유입주의 생물,식물,Lactuca canadensis
303,미국왕고들빼기,Blue lettuce,Lactuca pulchella</em>,유입주의 생물,식물,Lactuca pulchella
304,타타리아왕고들빼기,,Lactuca tatarica</em> C.A.Mey.,유입주의 생물,식물,Lactuca tatarica
305,무지개도마뱀,Delicate skink,Lampropholis delicata</em>,유입주의 생물,파충류,Lampropholis delicata
306,점개구리밥,"Dotted duckmeat, Dotted duckweed",Landoltia punctata</em> (G. Mey) Les &amp; D.J. Crawford,"외래생물, 유입주의 생물",식물,Landoltia punctata
307,처진줄기란타나,Weeping lantana,Lantana montevidensis</em> Briq.,유입주의 생물,식물,Lantana montevidensis
308,바라문디농어,Barramundi,Lates calcarifer</em>,"외래생물, 유입주의 생물",어류,Lates calcarifer
309,나일농어,Nile perch,Lates niloticus</em>,"외래생물, 유입주의 생물",어류,Lates niloticus
310,파라과이과부거미,Black widow spider,Latrodectus antheratus</em>,유입주의 생물,무척추동물,Latrodectus antheratus
311,갈라파고스과부거미,Galapagos black widow,Latrodectus apicalis</em>,유입주의 생물,무척추동물,Latrodectus apicalis
312,플로리다붉은점과부거미,Red widow spider,Latrodectus bishopi</em>,유입주의 생물,무척추동물,Latrodectus bishopi
313,검은발과부거미,"Black widow button spiders, African black widow spider",Latrodectus cinctus</em>,유입주의 생물,무척추동물,Latrodectus cinctus
314,아르헨붉은줄과부거미,,Latrodectus corallinus</em>,유입주의 생물,무척추동물,Latrodectus corallinus
315,남미과부거미,Northern black-widow spider,Latrodectus curacaviensis</em>,유입주의 생물,무척추동물,Latrodectus curacaviensis
316,검은배과부거미,"Dahl&apos;s widow, Moroccan black widow",Latrodectus dahli</em>,유입주의 생물,무척추동물,Latrodectus dahli
317,아르헨티나흰줄과부거미,,Latrodectus diaguita</em>,유입주의 생물,무척추동물,Latrodectus diaguita
318,붉은불짜과부거미,Black widow spide,Latrodectus elegans</em>,유입주의 생물,무척추동물,Latrodectus elegans
319,검붉은과부거미,Widow spide,Latrodectus erythromelas</em>,유입주의 생물,무척추동물,Latrodectus erythromelas
320,갈색과부거미,Brown button spider,Latrodectus geometricus</em>,유입주의 생물,무척추동물,Latrodectus geometricus
321,붉은등줄과부거미,Redback spider,Latrodectus hasseltii</em>,유입주의 생물,무척추동물,Latrodectus hasseltii
322,붉은배과부거미,Western black widow spider,Latrodectus hesperus</em>,유입주의 생물,무척추동물,Latrodectus hesperus
323,가시과부거미,Spiny widow,Latrodectus hystrix</em>,유입주의 생물,무척추동물,Latrodectus hystrix
324,아프리카검은과부거미,"Black button, Black widow spider",Latrodectus indistinctus</em>,유입주의 생물,무척추동물,Latrodectus indistinctus
325,남아프리카검은과부거미,"Black button, Black widow spider",Latrodectus karrooensis</em>,유입주의 생물,무척추동물,Latrodectus karrooensis
326,뉴질랜드과부거미,"Katipo, New Zealand redback",Latrodectus katipo</em>,유입주의 생물,무척추동물,Latrodectus katipo
327,검은띠과부거미,Black widow spider,Latrodectus lilianae</em>,유입주의 생물,무척추동물,Latrodectus lilianae
328,검은과부거미,"Southern black widow, Black widow spider",Latrodectus mactans</em>,유입주의 생물,무척추동물,Latrodectus mactans
329,마다가스카르검은과부거미,Madagascan black widow,Latrodectus menavodi</em>,유입주의 생물,무척추동물,Latrodectus menavodi
330,아르헨티나불짜과부거미,"Flax spider, Black widow",Latrodectus mirabilis</em>,유입주의 생물,무척추동물,Latrodectus mirabilis
331,마다가스카르갈색과부거미,,Latrodectus obscurior</em>,유입주의 생물,무척추동물,Latrodectus obscurior
332,흰배과부거미,"Pale widow, White widow",Latrodectus pallidus</em>,유입주의 생물,무척추동물,Latrodectus pallidus
333,아르헨붉은점과부거미,,Latrodectus quartus</em>,유입주의 생물,무척추동물,Latrodectus quartus
334,콩팥과부거미,Black brown button spider,Latrodectus renivulvatus</em>,유입주의 생물,무척추동물,Latrodectus renivulvatus
335,이스라엘과부거미,,Latrodectus revivensis</em>,유입주의 생물,무척추동물,Latrodectus revivensis
336,남아프리카갈색과부거미,"Brown button, Zimbabwean buttons spider",Latrodectus rhodesiensis</em>,유입주의 생물,무척추동물,Latrodectus rhodesiensis
337,칠레과부거미,,Latrodectus thoracicus</em>,유입주의 생물,무척추동물,Latrodectus thoracicus
338,붉은점과부거미,Mediterranean black widow,Latrodectus tredecimguttatus</em>,유입주의 생물,무척추동물,Latrodectus tredecimguttatus
339,얼룩과부거미,,Latrodectus variegatus</em>,유입주의 생물,무척추동물,Latrodectus variegatus
340,북미흰줄과부거미,"Northern black widow spider, Northern widow",Latrodectus variolus</em>,유입주의 생물,무척추동물,Latrodectus variolus
341,둥근열매다닥냉이,"Hairy whitetop, Tall whitetop",Lepidium appelianum</em> Al-Shehbaz,유입주의 생물,식물,Lepidium appelianum
342,붉은가슴블루길,Lepomis auritus,Lepomis auritus</em>,"외래생물, 유입주의 생물",어류,Lepomis auritus
343,초록블루길,Green sunfish,Lepomis cyanellus</em>,유입주의 생물,어류,Lepomis cyanellus
344,황점블루길,Orangespotted sunfish,Lepomis humilis</em>,유입주의 생물,어류,Lepomis humilis
345,긴귀블루길,Longear sunfish,Lepomis megalotis</em>,유입주의 생물,어류,Lepomis megalotis
346,붉은귀블루길,Redear sunfish,Lepomis microlophus</em>,유입주의 생물,어류,Lepomis microlophus
347,북미사막토끼,Black-tailed jackrabbit,Lepus californicus</em>,유입주의 생물,포유류,Lepus californicus
348,케이프멧토끼,"Cape hare, Desert hare",Lepus capensis</em>,유입주의 생물,포유류,Lepus capensis
349,유럽토끼,,Lepus europaeus</em>,유입주의 생물,포유류,Lepus europaeus
350,선블릭유럽갈겨니,,Leucaspius delineatus</em>,유입주의 생물,어류,Leucaspius delineatus
351,금빛황어,Ide,Leuciscus idus</em>,"외래생물, 유입주의 생물",어류,Leuciscus idus
352,유럽야레,Common dace,Leuciscus leuciscus</em>,유입주의 생물,어류,Leuciscus leuciscus
353,쿨개울개구리,,Limnonectes kuhlii</em>,유입주의 생물,양서류,Limnonectes kuhlii
354,일본퉁가리,Reddish bullhead,Liobagrus reini</em>,유입주의 생물,어류,Liobagrus reini
355,그린벨개구리,"Golden tree frog, Green and golden bell frog",Litoria aurea</em>,유입주의 생물,양서류,Litoria aurea
356,염소울음청개구리,Bleating Tree Frog,Litoria dentata</em>,유입주의 생물,양서류,Litoria dentata
357,호주남부갈색청개구리,Southern brown tree frog,Litoria ewingii</em>,유입주의 생물,양서류,Litoria ewingii
358,호주남부종개구리,Growling grass frog,Litoria raniformis</em>,유입주의 생물,양서류,Litoria raniformis
359,페르시아호밀풀,"Persian darnel, Persian ryegrass",Lolium persicum</em> Boiss. &amp; Hohen.,유입주의 생물,식물,Lolium persicum
360,남미갈색실거미,Brazilian brown spider,Loxosceles intermedia</em>,유입주의 생물,무척추동물,Loxosceles intermedia
361,날개여뀌바늘,,Ludwigia decurrens</em> Walter,유입주의 생물,식물,Ludwigia decurrens
362,큰물달맞이꽃,,Ludwigia grandiflora</em> (Michx.) Greuter &amp; Burdet,유입주의 생물,식물,Ludwigia grandiflora
363,아프리카구기자,African boxthorn fruit,Lycium ferocissimum</em> Miers,유입주의 생물,식물,Lycium ferocissimum
364,인도늑대뱀,,Lycodon aulicus</em>,유입주의 생물,파충류,Lycodon aulicus
365,유럽부처꽃,,Lythrum hyssopifolia</em> L.,유입주의 생물,식물,Lythrum hyssopifolia
366,호주민물대구,Murray cod,Maccullochella peelii</em>,유입주의 생물,어류,Maccullochella peelii
367,연갈색왈라비,"Agile wallaby, Sandy wallaby",Macropus agilis</em>,유입주의 생물,포유류,Macropus agilis
368,캥거루섬캥거루,"Western grey kangaroo, Sooty kangaroo, Mallee kangaroo, Black-faced kangaroo",Macropus fuliginosus fuliginosus</em>,유입주의 생물,포유류,Macropus fuliginosus fuliginosus
369,태즈메이니아캥거루,"Eastern grey kangaroo, Great grey kangaroo, Forester kangaroo",Macropus giganteus tasmaniensis</em>,유입주의 생물,포유류,Macropus giganteus tasmaniensis
370,파르마왈라비,Parma kangaroo,Macropus parma</em>,유입주의 생물,포유류,Macropus parma
371,베넷왈라비,Bennett’s wallaby,Macropus rufogriseus rufogriseus</em>,유입주의 생물,포유류,Macropus rufogriseus rufogriseus
372,동양붉은턱큰실젖거미,Giant japanese funnel–web spider,Macrothele gigas</em>,유입주의 생물,무척추동물,Macrothele gigas
373,대만검은큰실젖거미,Primitive funnel-web builder,Macrothele holsti</em>,유입주의 생물,무척추동물,Macrothele holsti
374,대만빗살큰실젖거미,Funnel-web spider,Macrothele taiwanensis</em>,유입주의 생물,무척추동물,Macrothele taiwanensis
375,아프리카구릿빛채송화,,Malephora crocea</em> (Jacq.) Schwantes,유입주의 생물,식물,Malephora crocea
376,아메리카노랑아욱,,Malvastrum coromandelianum</em> (L.) Garcke,유입주의 생물,식물,Malvastrum coromandelianum
377,카스피민물거북,Caspian Pond Turtle,Mauremys caspica</em>,"외래생물, 유입주의 생물",파충류,Mauremys caspica
378,일본돌거북×남생이,Pond Turtle,Mauremys japonica</em> × Mauremys reevesii</em>,유입주의 생물,파충류,Mauremys japonica
379,류큐노랑늪거북,Ryukyu yellow pond turtle,Mauremys mutica kami</em>,유입주의 생물,파충류,Mauremys mutica kami
380,노랑늪거북,Yellow pond turtle,Mauremys mutica</em>,유입주의 생물,파충류,Mauremys mutica
381,중국줄무늬목거북×남생이,Pond Turtle,Mauremys sinensis</em> × Mauremys reevesii</em>,유입주의 생물,파충류,Mauremys sinensis
382,멕시코시클리드,,Mayaheros urophthalmus</em>,유입주의 생물,어류,Mayaheros urophthalmus
383,기니기장,Guinea grass,Megathyrsus maximus</em>,유입주의 생물,식물,Megathyrsus maximus
384,넓은잎껍질나무,,Melaleuca quinquenervia</em> (Cav.) S.T.Blake,유입주의 생물,식물,Melaleuca quinquenervia
385,우단나무,,Miconia calvescens</em> DC.,유입주의 생물,식물,Miconia calvescens
386,오키나와벼맹꽁이,,Microhyla okinavensis</em>,유입주의 생물,양서류,Microhyla okinavensis
387,작은입배스,Small mouth bass,Micropterus dolomieu</em>,유입주의 생물,어류,Micropterus dolomieu
388,얼룩무늬배스,Spotted bass,Micropterus punctulatus</em>,유입주의 생물,어류,Micropterus punctulatus
389,덩굴등골나물,"Mile-a-minute, American rope, Bittervine, Chinese creeper, Climbing hempweed, Mikania vine",Mikania micrantha</em>,유입주의 생물,식물,Mikania micrantha
390,부다페스트민달팽이,"Budapest slug, Keeled slug",Milax gracilis</em>,유입주의 생물,무척추동물,Milax gracilis
391,점박이능선달팽이,"Bulb-eating slug, Root-eating slug",Milax rusticus</em>,유입주의 생물,무척추동물,Milax rusticus
392,나무껍질민달팽이,"Sowerby&apos;s slug, Bulb-eating slug",Milax sowerbyi</em>,유입주의 생물,무척추동물,Milax sowerbyi
393,유럽미꾸리,Weatherfish,Misgurnus fossilis</em>,유입주의 생물,어류,Misgurnus fossilis
394,호주검은쥐거미,Eastern mouse spider,Missulena bradleyi</em>,유입주의 생물,무척추동물,Missulena bradleyi
395,호주붉은머리쥐거미,Red-headed mouse spider,Missulena occatoria</em>,유입주의 생물,무척추동물,Missulena occatoria
396,쿠바벨벳자유꼬리박쥐,"Pallas’s mastiff bat, Velvety free-tailed bat",Molossus molossus tropidorhynchus</em>,유입주의 생물,포유류,Molossus molossus tropidorhynchus
397,갈색머리검은피리새,,Molothrus ater</em>,유입주의 생물,조류,Molothrus ater
398,화살잎물옥잠,Arrowleaf false pickerel-weed,Monochoria hastata</em> (L.) Solms,유입주의 생물,식물,Monochoria hastata
399,외잎남아공붓꽃,,Moraea flaccida</em> Steud.,유입주의 생물,식물,Moraea flaccida
400,살구색남아공붓꽃,,Moraea ochroleuca</em> Drapiez,유입주의 생물,식물,Moraea ochroleuca
401,불꽃소귀나무,Firetree,Morella faya</em> (Aiton) Wilbur,유입주의 생물,식물,Morella faya
402,북미흰농어,White perch,Morone americana</em>,유입주의 생물,어류,Morone americana
403,흰배스,White bass,Morone chrysops</em>,유입주의 생물,어류,Morone chrysops
404,줄농어,Striped bass,Morone saxatilis</em>,"외래생물, 유입주의 생물",어류,Morone saxatilis
405,양식줄농어,Hybrid striped bass,Morone saxatilis</em> × Morone chrysops</em>,유입주의 생물,어류,Morone saxatilis
406,류큐쥐,,Mus caroli</em>,유입주의 생물,포유류,Mus caroli
407,북방족제비,Stoat,Mustela erminea</em>,유입주의 생물,포유류,Mustela erminea
408,긴털족제비,European polecat,Mustela putorius</em>,"외래생물, 유입주의 생물",포유류,Mustela putorius
409,아메리카밍크,American mink,Mustela vison</em>,유입주의 생물,포유류,Mustela vison
410,유럽가시상추,,Mycelis muralis</em> Dumort.,유입주의 생물,식물,Mycelis muralis
411,청잉어,Black carp,Mylopharyngodon piceus</em>,유입주의 생물,어류,Mylopharyngodon piceus
412,작은목도리과일박쥐,,Myonycteris torquata</em>,유입주의 생물,포유류,Myonycteris torquata
413,호생꽃물수세미,Alternate-flowered water-milfoil,Myriophyllum alterniflorum</em> DC.,유입주의 생물,식물,Myriophyllum alterniflorum
414,미국물수세미,Broadleaf watermilfoil,Myriophyllum heterophyllum</em> Michx.,유입주의 생물,식물,Myriophyllum heterophyllum
415,남미나래새,,Nassella charruana</em> (Arechav.) Barkworth,유입주의 생물,식물,Nassella charruana
416,유럽머쉬룸망둑,Mushroom goby,Neogobius eurycephalus</em>,유입주의 생물,어류,Neogobius eurycephalus
417,몽키망둑,Monkey goby,Neogobius fluviatilis</em>,유입주의 생물,어류,Neogobius fluviatilis
418,카스피큰머리망둑,Caspian bighead goby,Neogobius gorlap</em>,유입주의 생물,어류,Neogobius gorlap
419,유럽둥근망둑,Round goby,Neogobius melanostomus</em>,유입주의 생물,어류,Neogobius melanostomus
420,카스피모래망둑,Caspian sand goby,Neogobius pallasi</em>,유입주의 생물,어류,Neogobius pallasi
421,버마갈대,Burma reed,Neyraudia reynaudiana</em>,유입주의 생물,식물,Neyraudia reynaudiana
422,나무담배,,Nicotiana glauca</em> Graham,유입주의 생물,식물,Nicotiana glauca
423,호피무늬뱀,Tiger snake,Notechis scutatus</em>,유입주의 생물,파충류,Notechis scutatus
424,유럽가시통거미,Harvestman spider,Odiellus spinosus</em>,유입주의 생물,무척추동물,Odiellus spinosus
425,흰꼬리사슴,White tailed deer,Odocoileus virginianus</em>,유입주의 생물,포유류,Odocoileus virginianus
426,아르헨티나실버사이드,Argentinian silverside,Odontesthes bonariensis</em>,유입주의 생물,어류,Odontesthes bonariensis
427,유럽미나리,Water dropwort,Oenanthe pimpinelloides</em> L.,유입주의 생물,식물,Oenanthe pimpinelloides
428,클라크송어,Cutthroat Trout,Oncorhynchus clarkii</em>,유입주의 생물,어류,Oncorhynchus clarkii
429,비와산천어,Biwa trout,Oncorhynchus masou rhodurus</em>,유입주의 생물,어류,Oncorhynchus masou rhodurus
430,솜엉겅퀴,"Scotch cottonthistle, Cotton thistle",Onopordum acanthium</em> L.,유입주의 생물,식물,Onopordum acanthium
431,로제트엉겅퀴,"Horse thistle, Stemless thistle",Onopordum acaulon</em>,유입주의 생물,식물,Onopordum acaulon
432,일리리아엉겅퀴,,Onopordum illyricum</em> L.,유입주의 생물,식물,Onopordum illyricum
433,타우리카엉겅퀴,,Onopordum tauricum</em> Willd.,유입주의 생물,식물,Onopordum tauricum
434,유럽붉은참통거미,Rare harvestman,Opilio canestrinii</em>,유입주의 생물,무척추동물,Opilio canestrinii
435,켄터키가재,Rusty crayfish,Orconectes juvenilis</em>,유입주의 생물,무척추동물,Orconectes juvenilis
436,북미맑은물가재,Northern clearwater crayfish,Orconectes propinquus</em>,유입주의 생물,무척추동물,Orconectes propinquus
437,쿠바청개구리,Cuban treefrog,Osteopilus septentrionalis</em>,유입주의 생물,양서류,Osteopilus septentrionalis
438,유럽무플론,"European mouflon, Mouflon, Eastern mouflon",Ovis musimon</em>,"외래생물, 유입주의 생물",포유류,Ovis musimon
439,무플론,Mouflon,Ovis orientalis</em>,유입주의 생물,포유류,Ovis orientalis
440,톡소스톰황어,Toxostome,Parachondrostoma toxostoma</em>,유입주의 생물,어류,Parachondrostoma toxostoma
441,카스피해기수곤쟁이,Opossum shrimp,Paramysis lacustris</em>,유입주의 생물,무척추동물,Paramysis lacustris
442,열대긴수염개미,,Paratrechina longicornis</em>,유입주의 생물,곤충,Paratrechina longicornis
443,버펄로참새피,"Buffalo grass, sour grass",Paspalum conjugatum</em> P.J.Bergius,유입주의 생물,식물,Paspalum conjugatum
444,파나마참새피,"Panama crown grass, winged paspalum",Paspalum fimbriatum</em> Kunth,유입주의 생물,식물,Paspalum fimbriatum
445,황갈색큰참새피,,Paspalum quadrifarium</em> Lam.,유입주의 생물,식물,Paspalum quadrifarium
446,집참새,House sparrow,Passer domesticus</em>,유입주의 생물,조류,Passer domesticus
447,악취시계꽃,Fetid passionflower,Passiflora foetida</em> L.,유입주의 생물,식물,Passiflora foetida
448,운향아재비,,Peganum harmala</em> L.,유입주의 생물,식물,Peganum harmala
449,점틸라피아,spotted tilapia,Pelmatolapia mariae</em>,"외래생물, 유입주의 생물",어류,Pelmatolapia mariae
450,아프리카헬맷거북,African Helmeted Turtle,Pelomedusa subrufa</em>,유입주의 생물,파충류,Pelomedusa subrufa
451,유럽식용개구리,Edible Frog,Pelophylax esculentus</em>,유입주의 생물,양서류,Pelophylax esculentus
452,발칸개구리,Balkan Frog,Pelophylax kurtmuelleri</em>,유입주의 생물,양서류,Pelophylax kurtmuelleri
453,유럽연못개구리,Pool frog,Pelophylax lessonae</em>,유입주의 생물,양서류,Pelophylax lessonae
454,다루마개구리,Daruma pond frog,Pelophylax porosus</em>,유입주의 생물,양서류,Pelophylax porosus
455,웃는개구리,Marsh frog,Pelophylax ridibundus</em>,유입주의 생물,양서류,Pelophylax ridibundus
456,북미강농어,American yellow perch,Perca flavescens</em>,유입주의 생물,어류,Perca flavescens
457,유라시아민물농어,European perch,Perca fluviatilis</em>,유입주의 생물,어류,Perca fluviatilis
458,발기,Chinese sleeper,Perccottus glenii</em>,유입주의 생물,어류,Perccottus glenii
459,초록담치,Asian green mussel,Perna viridis</em>,유입주의 생물,무척추동물,Perna viridis
460,북미들쥐,Deer mouse,Peromyscus maniculatus</em>,유입주의 생물,포유류,Peromyscus maniculatus
461,대서양칠성장어,Sea lamprey,Petromyzon marinus</em>,유입주의 생물,어류,Petromyzon marinus
462,일본꿩,Green pheasant,Phasianus versicolor</em>,유입주의 생물,조류,Phasianus versicolor
463,브라질너구리거미,Bahia armed spider,Phoneutria bahiensis</em>,유입주의 생물,무척추동물,Phoneutria bahiensis
464,브라질점무늬너구리거미,,Phoneutria keyserlingi</em>,유입주의 생물,무척추동물,Phoneutria keyserlingi
465,아마존너구리거미,Brazilian amazonian armed spider,Phoneutria reidyi</em>,유입주의 생물,무척추동물,Phoneutria reidyi
466,남미붉은꼬리동자개,Redtail catfish,Phractocephalus hemioliopterus</em>,유입주의 생물,어류,Phractocephalus hemioliopterus
467,붉은파쿠,Red-bellid pacu,Piaractus brachypomus</em>,유입주의 생물,어류,Piaractus brachypomus
468,파쿠,Pacu,Piaractus mesopotamicus</em>,유입주의 생물,어류,Piaractus mesopotamicus
469,큰타이런트새,,Pitangus sulphuratus</em>,유입주의 생물,조류,Pitangus sulphuratus
470,호주돈나무,Australian cheesewood,Pittosporum undulatum</em> Vent.,유입주의 생물,식물,Pittosporum undulatum
471,페르시아마디풀,,Polygonum argyrocoleon</em> Steud. ex Kunze,유입주의 생물,식물,Polygonum argyrocoleon
472,아시아갈색청개구리,,Polypedates leucomystax</em>,유입주의 생물,양서류,Polypedates leucomystax
473,높은탑사과우렁이,Spike-topped apple snail,Pomacea diffusa</em>,유입주의 생물,무척추동물,Pomacea diffusa
474,다뉴브유럽가재,Danube crayfish,Pontastacus leptodactylus</em>,유입주의 생물,무척추동물,Pontastacus leptodactylus
475,발삼물황철나무,,Populus balsamifera</em> L.,유입주의 생물,식물,Populus balsamifera
476,미국큰거치사시나무,,Populus grandidentata</em> Michx.,유입주의 생물,식물,Populus grandidentata
477,자색물닭,,Porphyrio porphyrio</em>,유입주의 생물,조류,Porphyrio porphyrio
478,남미보라꽃등골나물,Praxelis,Praxelis clematidea</em>,유입주의 생물,식물,Praxelis clematidea
479,북미흰돌기가재,White river crayfish,Procambarus acutus</em>,유입주의 생물,무척추동물,Procambarus acutus
480,마블가재,"Marmorkrebs, Marbled crayfish",Procambarus virginalis</em>,유입주의 생물,무척추동물,Procambarus virginalis
481,남미게잡이라쿤,Crab-eating raccoon,Procyon cancrivorus</em>,"외래생물, 유입주의 생물",포유류,Procyon cancrivorus
482,왕메뚜기콩,Honey mesquite,Prosopis glandulosa</em> Torr.,유입주의 생물,식물,Prosopis glandulosa
483,개꼬리미모사나무,Mesquite,Prosopis juliflora</em>,유입주의 생물,식물,Prosopis juliflora
484,서유럽관코망둑,,Proterorhinus semilunaris</em>,유입주의 생물,어류,Proterorhinus semilunaris
485,갈색점박이살모사,Brown Spotted Pit Viper,Protobothrops mucrosquamatus</em>,유입주의 생물,파충류,Protobothrops mucrosquamatus
486,개혓바닥국화,,Pseudelephantopus spicatus</em> (Juss. ex Aubl.) C.F.Baker,유입주의 생물,식물,Pseudelephantopus spicatus
487,시베리아하늘다람쥐,,Pteromys volans</em>,유입주의 생물,포유류,Pteromys volans
488,벌레무늬플래코,Vermiculated sailfin catfish,Pterygoplichthys disjunctivus</em>,유입주의 생물,어류,Pterygoplichthys disjunctivus
489,오리노코플래코,Orinoco sailfin catfish,Pterygoplichthys multiradiatus</em>,유입주의 생물,어류,Pterygoplichthys multiradiatus
490,아마존비파,Amazon sailfin catfish,Pterygoplichthys pardalis</em>,유입주의 생물,어류,Pterygoplichthys pardalis
491,재규어푸마,Jaguarundi,Puma yagouaroundi</em>,유입주의 생물,포유류,Puma yagouaroundi
492,붉은꽁지직박구리,,Pycnonotus cafer</em>,유입주의 생물,조류,Pycnonotus cafer
493,붉은수염직박구리,Red-whiskered bulbul,Pycnonotus jocosus</em>,유입주의 생물,조류,Pycnonotus jocosus
494,넓적머리동자개,Flathead catfish,Pylodictis olivaris</em>,유입주의 생물,어류,Pylodictis olivaris
495,붉은부리베짜는새,,Quelea quelea</em>,유입주의 생물,조류,Quelea quelea
496,유럽기민개구리,Agile frog,Rana dalmatina</em>,유입주의 생물,양서류,Rana dalmatina
497,돼지개구리,,Rana grylio</em>,유입주의 생물,양서류,Rana grylio
498,강개구리,,Rana heckscheri</em>,유입주의 생물,양서류,Rana heckscheri
499,일본산개구리,Japanese brown frog,Rana japonica</em>,유입주의 생물,양서류,Rana japonica
500,북방표범개구리,,Rana pipiens</em>,유입주의 생물,양서류,Rana pipiens
501,태평양쥐,Polynesian rat,Rattus exulans</em>,유입주의 생물,포유류,Rattus exulans
502,노란꽃목서초,,Reseda lutea</em> L.,유입주의 생물,식물,Reseda lutea
503,붉은목유혈목이,Red-necked keelback,Rhabdophis subminiatus</em>,유입주의 생물,파충류,Rhabdophis subminiatus
504,이탈리아갈매나무,,Rhamnus alaternus</em> L.,유입주의 생물,식물,Rhamnus alaternus
505,기는뻐꾹채,Russian Knapweed,Rhaponticum repens</em> (L.) Hidalgo,유입주의 생물,식물,Rhaponticum repens
506,사탕수수두꺼비,"Giant toad, Cane toad, Marine toad",Rhinella marina</em>,"외래생물, 유입주의 생물",양서류,Rhinella marina
507,유럽납줄개,European bitterling,Rhodeus amarus</em>,유입주의 생물,어류,Rhodeus amarus
508,북유럽흰마자,,Romanogobio belingi</em>,유입주의 생물,어류,Romanogobio belingi
509,큰꽃용가시나무,Macartney Rose,Rosa bracteata</em> Sieber ex C.Presl,유입주의 생물,식물,Rosa bracteata
510,러시아소리쟁이,,Rumex confertus</em> Willd.,유입주의 생물,식물,Rumex confertus
511,자바루사사슴,,Rusa timorensis</em>,유입주의 생물,포유류,Rusa timorensis
512,삼바사슴,Sambar,Rusa unicolor</em>,유입주의 생물,포유류,Rusa unicolor
513,로우치,Roach,Rutilus rutilus</em>,유입주의 생물,어류,Rutilus rutilus
514,잔디잎소귀나물,Grass-leaved arrowhead,Sagittaria graminea</em> Michx.,유입주의 생물,식물,Sagittaria graminea
515,덩굴가지,"Pampas lily of the valley, lily of the valley vine, Cock&apos;s-eggs",Salpichroa origanifolia</em> (Lam.) Thell.,유입주의 생물,식물,Salpichroa origanifolia
516,북미계곡곤들매기,,Salvelinus fontinalis</em>,유입주의 생물,어류,Salvelinus fontinalis
517,큰생이가래,"Giant salvinia, Kariba weed",Salvinia biloba</em>,유입주의 생물,식물,Salvinia biloba
518,좀생이가래,Common salvinia,Salvinia minima</em> Baker,유입주의 생물,식물,Salvinia minima
519,파이크농어,Zander,Sander lucioperca</em>,유입주의 생물,어류,Sander lucioperca
520,월아이농어,Walleye,Sander vitreus</em>,유입주의 생물,어류,Sander vitreus
521,볼가민물꼬치농어,Volga pikeperch,Sander volgensis</em>,유입주의 생물,어류,Sander volgensis
522,일본참중고기,Biwa higai,Sarcocheilichthys variegatus microoculus</em>,유입주의 생물,어류,Sarcocheilichthys variegatus microoculus
523,검은턱틸라피아,,Sarotherodon melanotheron</em>,유입주의 생물,어류,Sarotherodon melanotheron
524,러드,Common rudd,Scardinius erythrophthalmus</em>,유입주의 생물,어류,Scardinius erythrophthalmus
525,붉은코청개구리,,Scinax ruber</em>,유입주의 생물,양서류,Scinax ruber
526,코카커스청설모,,Sciurus anomalus</em>,유입주의 생물,포유류,Sciurus anomalus
527,멕시코회색다람쥐,Mexican gray squirrel,Sciurus aureogaster</em>,유입주의 생물,포유류,Sciurus aureogaster
528,동부회색다람쥐,Eastern gray squirrel,Sciurus carolinensis</em>,유입주의 생물,포유류,Sciurus carolinensis
529,여우청설모,,Sciurus niger</em>,유입주의 생물,포유류,Sciurus niger
530,모리타니두꺼비,Mauritanian Toad,Sclerophrys mauritanica</em>,유입주의 생물,양서류,Sclerophrys mauritanica
531,남아프리카덩굴금방망이,Creeping groudsel,Senecio angulatus</em> L.f.,유입주의 생물,식물,Senecio angulatus
532,갯솜방망이,"Madagascar ragwort, Fireweed, Madagascar fireweed, Variable groundsel",Senecio madagascariensis</em>,유입주의 생물,식물,Senecio madagascariensis
533,멕시코나무결명자,,Senna septemtrionalis</em> (Viv.) H.S.Irwin &amp; Barneby,유입주의 생물,식물,Senna septemtrionalis
534,넓은잎강아지풀,"Palmgrass, highland pitpit, hailans pitpit, short pitpit",Setaria palmifolia</em> (J.Koenig) Stapf,유입주의 생물,식물,Setaria palmifolia
535,심장잎공단풀,,Sida cordifolia</em> L.,유입주의 생물,식물,Sida cordifolia
536,마블독가시치,Marbled spinefoot,Siganus rivulatus</em>,유입주의 생물,어류,Siganus rivulatus
537,웰스메기,Wels catfish,Silurus glanis</em>,유입주의 생물,어류,Silurus glanis
538,중국쏘가리,Mandarin fish,Siniperca chuatsi</em>,유입주의 생물,어류,Siniperca chuatsi
539,희망봉왕도깨비가지,"Dutch eggplant, Love-apple",Solanum aculeatissimum</em>,유입주의 생물,식물,Solanum aculeatissimum
540,아프리카까마중나무,"Purple african nightshade, White-margined nightshade",Solanum marginatum</em>,유입주의 생물,식물,Solanum marginatum
541,남미솜털까마중나무,Tobacco tree,Solanum mauritianum</em>,유입주의 생물,식물,Solanum mauritianum
542,아르헨티나까마중,,Solanum triflorum</em> Nutt.,유입주의 생물,식물,Solanum triflorum
543,좁은꽃갯줄풀,Denseflower cordgrass,Spartina densiflora</em> Brongn.,유입주의 생물,식물,Spartina densiflora
544,아메리카갯줄풀,Marsh grass,Spartina patens</em> (Aiton) Muhl.,유입주의 생물,식물,Spartina patens
545,미국갯금불초,"Creeping ox-eye, Singapore daisy, Trailing daisy, Wedelia",Sphagneticola trilobata</em>,유입주의 생물,식물,Sphagneticola trilobata
546,점박이숲도마뱀,,Sphenomorphus maculatus</em>,유입주의 생물,파충류,Sphenomorphus maculatus
547,이술쥐꼬리새풀,,Sporobolus diandrus</em> (Retz.) P.Beauv.,유입주의 생물,식물,Sporobolus diandrus
548,미국쥐꼬리새풀,,Sporobolus indicus</em> (L.) R.Br.,유입주의 생물,식물,Sporobolus indicus
549,유럽몰개,Chub,Squalius cephalus</em>,유입주의 생물,어류,Squalius cephalus
550,카옌개마편초,,Stachytarpheta cayennensis</em> (Rich.) Vahl,유입주의 생물,식물,Stachytarpheta cayennensis
551,자메이카마편초,,Stachytarpheta jamaicensis</em> (L.) Vahl,유입주의 생물,식물,Stachytarpheta jamaicensis
552,총검자라풀,Water soldier,Stratiotes aloides</em> L.,유입주의 생물,식물,Stratiotes aloides
553,목점박이비둘기,Eastern spotted dove,Streptopelia chinensis</em>,유입주의 생물,조류,Streptopelia chinensis
554,아프리카염주비둘기,,Streptopelia roseogrisea</em>,유입주의 생물,조류,Streptopelia roseogrisea
555,호박잼물우렁이,Amber snail,Succinea costaricana</em>,유입주의 생물,무척추동물,Succinea costaricana
556,줄무늬멧돼지,Banding pig,Sus scrofa vittatus</em>,유입주의 생물,포유류,Sus scrofa vittatus
557,노란별꽃아재비,,Synedrella nodiflora</em> (L.) Gaertn.,유입주의 생물,식물,Synedrella nodiflora
558,짧은코가시두더지,,Tachyglossus aculeatus</em>,유입주의 생물,포유류,Tachyglossus aculeatus
559,북미동부다람쥐,,Tamias striatus</em>,유입주의 생물,포유류,Tamias striatus
560,미국덩굴옻나무,Poison ivy,Toxicodendron radicans</em> (L.) Kuntze,유입주의 생물,식물,Toxicodendron radicans
561,자메이카남가새,,Tribulus cistoides</em> L.,유입주의 생물,식물,Tribulus cistoides
562,토끼발클로버,,Trifolium arvense</em> L.,유입주의 생물,식물,Trifolium arvense
563,미국애기부들,,Typha domingensis</em> Pers.,유입주의 생물,식물,Typha domingensis
564,유럽꼬마부들,,Typha lugdunensis</em> Chabert,유입주의 생물,식물,Typha lugdunensis
565,아프리카바나나민달팽이,African banana slug,Urocyclus flavescens</em>,유입주의 생물,무척추동물,Urocyclus flavescens
566,개줄덩굴,"Dog-strangling vine, Swallowwort, Pale swallowwort",Vincetoxicum rossicum</em>,유입주의 생물,식물,Vincetoxicum rossicum
567,유럽살모사,Asp viper,Vipera aspis</em>,유입주의 생물,파충류,Vipera aspis
568,들묵새아재비,,Vulpia bromoides</em> (L.) Gray,"외래생물, 유입주의 생물",식물,Vulpia bromoides
569,아이스쿨라피우스뱀,,Zamenis longissimus</em>,유입주의 생물,파충류,Zamenis longissimus
570,흰죽지비둘기,White-winged dove,Zenaida asiatica</em>,유입주의 생물,조류,Zenaida asiatica
,대서양연어,Atlantic salmon,Salmo salar</em>,생태계위해우려생물,어류,Salmo salar
,라쿤,Northern raccoon,Procyon lotor</em>,"외래생물, 생태계위해우려생물",포유류,Procyon lotor
,아프리카발톱개구리,African clawed frog,Xenopus laevis</em>,"외래생물, 생태계위해우려생물",양서류,Xenopus laevis
,피라냐,Piranha,Pygocentrus nattereri</em>,생태계위해우려생물,어류,Pygocentrus nattereri
,가시박,Bur cucumber,Sicyos angulatus</em> (Miq.) Kitam.,"외래생물, 생태계교란 생물",식물,Sicyos angulatus
,가시상추,Prickly Lettuce,Lactuca scariola</em> L.,"외래생물, 생태계교란 생물",식물,Lactuca scariola
,갈색날개매미충,,Pochazia shantungensis</em>,"외래생물, 생태계교란 생물",곤충,Pochazia shantungensis
,갯줄풀,"Smooth cordgrass, Saltmarsh cordgrass,Salt-water cord grass",Spartina alterniflora</em> Loisel.,"외래생물, 생태계교란 생물",식물,Spartina alterniflora
,긴다리비틀개미,Crazy ant,Anoplolepis gracilipes</em>,"외래생물, 생태계교란 생물",곤충,Anoplolepis gracilipes
,꽃매미,Spotted lanternfly,Lycorma delicatula</em>,"외래생물, 생태계교란 생물",곤충,Lycorma delicatula
,뉴트리아,Nutria,Myocastor coypus</em>,"외래생물, 생태계교란 생물",포유류,Myocastor coypus
,늑대거북,Common snapping turtle,Chelydra serpentina</em>,"외래생물, 생태계교란 생물",파충류,Chelydra serpentina
,단풍잎돼지풀,"Great Ragweed, Buffalo-weed",Ambrosia trifida</em> L.,"외래생물, 생태계교란 생물",식물,Ambrosia trifida
,도깨비가지,Carolina horsenettle,Solanum carolinense</em> L.,"외래생물, 생태계교란 생물",식물,Solanum carolinense
,돼지풀,"Ragweed, Hog-weed",Ambrosia artemisiifolia</em> L.,"외래생물, 생태계교란 생물",식물,Ambrosia artemisiifolia
,돼지풀아재비,"Parthenium weed, Santa maria",Parthenium hysterophorus</em> L.,"외래생물, 생태계교란 생물",식물,Parthenium hysterophorus
,등검은말벌,"Asian black hornet, Yellow-legged asian",Vespa velutina nigrithorax</em>,"외래생물, 생태계교란 생물",곤충,Vespa velutina nigrithorax
,리버쿠터,(Eastern) River cooter,Pseudemys concinna</em>,"외래생물, 생태계교란 생물",파충류,Pseudemys concinna
,마늘냉이,Garlic mustard,Alliaria petiolata</em> (M. Bieb.) Cavara &amp; Grande,"외래생물, 생태계교란 생물",식물,Alliaria petiolata
,물참새피,distichum,Paspalum distichum</em> L.,"외래생물, 생태계교란 생물",식물,Paspalum distichum
,미국가재,Red crayfish(Red swamp crayfish),Procambarus clarkii</em>,"외래생물, 생태계교란 생물",무척추동물,Procambarus clarkii
,미국선녀벌레,Citrus flatid planthopper,Metcalfa pruinosa</em>,"외래생물, 생태계교란 생물",곤충,Metcalfa pruinosa
,미국쑥부쟁이,White Heath Aster,Aster pilosus</em> Willd.,"외래생물, 생태계교란 생물",식물,Aster pilosus
,배스,Largemouth bass,Micropterus salmoides</em>,"외래생물, 생태계교란 생물",어류,Micropterus salmoides
,붉은불개미,Red imported fire ant(RIFA),Solenopsis invicta</em>,"외래생물, 생태계교란 생물",곤충,Solenopsis invicta
,브라운송어,Brown trout,Salmo trutta</em>,생태계교란 생물,어류,Salmo trutta
,블루길,Bluegill,Lepomis macrochirus</em>,"외래생물, 생태계교란 생물",어류,Lepomis macrochirus
,빗살무늬미주메뚜기,Differential grasshopper,Melanoplus differentialis</em>,"외래생물, 생태계교란 생물",곤충,Melanoplus differentialis
,서양금혼초,Cats-ear,Hypochaeris radicata</em> L.,"외래생물, 생태계교란 생물",식물,Hypochaeris radicata
,서양등골나물,White Snakeroot,Ageratina altissima</em> (L.) R. M. King &amp; H. Rob.,"외래생물, 생태계교란 생물",식물,Ageratina altissima
,아르헨티나개미,Argentine ant,Linepithema humile</em>,"외래생물, 생태계교란 생물",곤충,Linepithema humile
,악어거북,Alligator snapping turtle,Macrochelys temminckii</em>,"외래생물, 생태계교란 생물",파충류,Macrochelys temminckii
,애기수영,"Sheep-sorrel, Red-sorrel",Rumex acetosella</em> L.,"외래생물, 생태계교란 생물",식물,Rumex acetosella
,양미역취,Tall Golden-rod,Solidago altissima</em> (Aiton) McNeill,"외래생물, 생태계교란 생물",식물,Solidago altissima
,열대불개미,Tropical fire ant,Solenopsis geminata</em>,생태계교란 생물,곤충,Solenopsis geminata
,영국갯끈풀,"Common cordgrass, English cordgrass, Rice grass, Saltmarsh grass",Spartina anglica</em> C. E. Hubb.,"외래생물, 생태계교란 생물",식물,Spartina anglica
,중국줄무늬목거북,Chinese Striped-necked Turtle,Mauremys sinensis</em>,"외래생물, 생태계교란 생물",파충류,Mauremys sinensis
,털물참새피,Knot Grass,Paspalum distichum</em> var. indutum</em> Shinners,"외래생물, 생태계교란 생물",식물,Paspalum distichum
,플로리다붉은배거북,Florida red-bellied cooter,Pseudemys nelsoni</em>,"외래생물, 생태계교란 생물",파충류,Pseudemys nelsoni
,환삼덩굴,Japanese Hop,Humulus japonicus</em> Siebold &amp; Zucc.,생태계교란 생물,식물,Humulus japonicus
,황소개구리,American Bull frog,Lithobates catesbeianus</em>,"외래생물, 생태계교란 생물",양서류,Lithobates catesbeianus
,붉은귀거북속 전종,Pond slider,Trachemys</em> spp.,"외래생물, 생태계교란 생물",파충류,Trachemys